<?xml version="1.0" encoding="UTF-8"?>
<project-private xmlns="http://www.netbeans.org/ns/project-private/1">
    <editor-bookmarks xmlns="http://www.netbeans.org/ns/editor-bookmarks/2" lastBookmarkId="0"/>
    <open-files xmlns="http://www.netbeans.org/ns/projectui-open-files/2">
        <group>
            <file>file:/E:/Universidad/JSP/Proyecto/Caballos/web/ayuda.html</file>
            <file>file:/E:/Universidad/JSP/Proyecto/Caballos/web/index.jsp</file>
            <file>file:/E:/Universidad/JSP/Proyecto/Caballos/src/java/servlet/Inicio.java</file>
            <file>file:/E:/Universidad/JSP/Proyecto/Caballos/src/java/Clases/Caballo.java</file>
            <file>file:/E:/Universidad/JSP/Proyecto/Caballos/src/java/Clases/Jugador.java</file>
            <file>file:/E:/Universidad/JSP/Proyecto/Caballos/src/java/servlet/Apuesta.java</file>
        </group>
    </open-files>
</project-private>
